,pred,confi,label,weights,sInfo
0,0.0,0.010725883767008781,1.0,101.0,Unnamed: 0
1,1.0,0.9891670942306519,1.0,0.34354379773139954,SE1_SE12
2,0.0,0.04915609955787659,1.0,0.2685147821903229,SE1_SE23
3,1.0,0.9891670942306519,1.0,0.4733922481536865,SE1_SE42
4,1.0,0.9891670942306519,1.0,0.42771807312965393,SE1_SE49
5,1.0,0.9891665577888489,1.0,0.3226727545261383,SE1_SE55
6,0.0,0.010725125670433044,0.0,0.0,SE1_SE2
7,0.0,0.010725641623139381,0.0,0.0,SE1_SE21
8,0.0,0.010725094936788082,0.0,0.0,SE1_SE52
9,0.0,0.012003736570477486,0.0,0.0,SE1_SE43
10,0.0,0.012278386391699314,0.0,0.0,SE1_SE48
11,0.0,0.011248505674302578,0.0,0.0,SE1_SE35
12,0.0,0.010835275985300541,1.0,0.34628504514694214,SE2_SE9
13,1.0,0.9891670942306519,1.0,0.4788416624069214,SE2_SE12
14,1.0,0.9891670942306519,1.0,0.4977310299873352,SE2_SE20
15,0.0,0.29933106899261475,1.0,0.3668065071105957,SE2_SE50
16,1.0,0.5434618592262268,1.0,0.3538810908794403,SE2_SE56
17,1.0,0.9143730401992798,1.0,0.3689320385456085,SE2_SE59
18,0.0,0.015204734168946743,0.0,0.0,SE2_SE19
19,1.0,0.9891613125801086,0.0,0.0,SE2_SE47
20,0.0,0.010725131258368492,0.0,0.0,SE2_SE57
21,0.0,0.010878299362957478,0.0,0.0,SE2_SE40
22,0.0,0.011773419566452503,0.0,0.0,SE2_SE27
23,0.0,0.010739270597696304,0.0,0.0,SE2_SE21
24,1.0,0.9891114830970764,1.0,0.2653144598007202,SE3_SE5
25,1.0,0.9891670942306519,1.0,0.371629923582077,SE3_SE11
26,1.0,0.9890167713165283,1.0,0.3001551032066345,SE3_SE17
27,1.0,0.9891554713249207,1.0,0.3092643916606903,SE3_SE23
28,1.0,0.9891670942306519,1.0,0.47590306401252747,SE3_SE25
29,1.0,0.9891670942306519,1.0,0.4371202290058136,SE3_SE37
30,0.0,0.010725099593400955,0.0,0.0,SE3_SE57
31,0.0,0.022457167506217957,0.0,0.0,SE3_SE4
32,1.0,0.5006771683692932,0.0,0.0,SE3_SE36
33,0.0,0.01094314269721508,0.0,0.0,SE3_SE46
34,0.0,0.010725094936788082,0.0,0.0,SE3_SE21
35,0.0,0.028780968859791756,0.0,0.0,SE3_SE13
36,1.0,0.8028008937835693,0.0,0.0,SE3_SE40
37,0.0,0.04663985222578049,0.0,0.0,SE3_SE56
38,0.0,0.13972389698028564,0.0,0.0,SE3_SE49
39,0.0,0.010725565254688263,0.0,0.0,SE3_SE22
40,1.0,0.9891608357429504,1.0,0.494626522064209,SE4_SE2
41,1.0,0.9878761768341064,1.0,0.419416606426239,SE4_SE3
42,1.0,0.9382979869842529,1.0,0.4670572876930237,SE4_SE11
43,1.0,0.9665129780769348,1.0,0.31107020378112793,SE4_SE36
44,1.0,0.9891670942306519,1.0,0.49124273657798767,SE4_SE47
45,0.0,0.21414338052272797,0.0,0.0,SE4_SE16
46,0.0,0.01225057803094387,0.0,0.0,SE4_SE34
47,1.0,0.9503276944160461,0.0,0.0,SE4_SE17
48,0.0,0.030465291813015938,0.0,0.0,SE4_SE54
49,1.0,0.8115930557250977,0.0,0.0,SE4_SE20
50,0.0,0.010729452595114708,0.0,0.0,SE4_SE50
51,0.0,0.010725964792072773,0.0,0.0,SE4_SE1
52,0.0,0.49928244948387146,0.0,0.0,SE4_SE4
53,0.0,0.010810201056301594,0.0,0.0,SE4_SE14
54,0.0,0.010725540108978748,0.0,0.0,SE4_SE10
55,1.0,0.9891670942306519,1.0,0.324260413646698,SE5_SE11
56,1.0,0.9891670942306519,1.0,0.32500362396240234,SE5_SE16
57,1.0,0.9891670942306519,1.0,0.2765524983406067,SE5_SE28
58,1.0,0.9891670942306519,1.0,0.32361727952957153,SE5_SE49
59,1.0,0.9891670942306519,1.0,0.44474470615386963,SE5_SE51
60,0.0,0.010881224647164345,0.0,0.0,SE5_SE14
61,0.0,0.010725448839366436,0.0,0.0,SE5_SE23
62,0.0,0.01074549276381731,0.0,0.0,SE5_SE35
63,0.0,0.010725094936788082,0.0,0.0,SE5_SE10
64,0.0,0.010725094936788082,0.0,0.0,SE5_SE40
65,0.0,0.010725094936788082,0.0,0.0,SE5_SE41
66,0.0,0.01072516106069088,0.0,0.0,SE5_SE6
67,1.0,0.989143431186676,1.0,0.26571184396743774,SE6_SE5
68,1.0,0.9891603589057922,1.0,0.4469268023967743,SE6_SE12
69,1.0,0.972588837146759,1.0,0.3270045816898346,SE6_SE42
70,1.0,0.9891431927680969,1.0,0.44666776061058044,SE6_SE59
71,0.0,0.010725094936788082,0.0,0.0,SE6_SE16
72,0.0,0.010725094936788082,0.0,0.0,SE6_SE23
73,0.0,0.4988206624984741,0.0,0.0,SE6_SE6
74,0.0,0.01072633545845747,0.0,0.0,SE6_SE26
75,0.0,0.010856347158551216,0.0,0.0,SE6_SE38
76,0.0,0.010727204382419586,0.0,0.0,SE6_SE32
77,1.0,0.9891670942306519,1.0,0.4662352502346039,SE9_SE33
78,1.0,0.9891670942306519,1.0,0.4018745422363281,SE9_SE38
79,1.0,0.9891670942306519,1.0,0.4435235261917114,SE9_SE47
80,1.0,0.9891670942306519,1.0,0.32554662227630615,SE9_SE49
81,1.0,0.9891670942306519,1.0,0.49753355979919434,SE9_SE54
82,0.0,0.010952988639473915,0.0,0.0,SE9_SE59
83,0.0,0.010725099593400955,0.0,0.0,SE9_SE35
84,0.0,0.010725094936788082,0.0,0.0,SE9_SE37
85,0.0,0.011941509321331978,0.0,0.0,SE9_SE57
86,0.0,0.010850469581782818,0.0,0.0,SE9_SE51
87,0.0,0.013523278757929802,0.0,0.0,SE9_SE56
88,0.0,0.06817863881587982,0.0,0.0,SE9_SE55
89,0.0,0.013574077747762203,1.0,0.26695579290390015,SE10_SE1
90,1.0,0.9891665577888489,1.0,0.26550108194351196,SE10_SE12
91,1.0,0.9891670942306519,1.0,0.4530234932899475,SE10_SE17
92,1.0,0.987500011920929,1.0,0.42369404435157776,SE10_SE23
93,1.0,0.9688727855682373,1.0,0.2727573812007904,SE10_SE26
94,1.0,0.9239232540130615,0.0,0.0,SE10_SE4
95,0.0,0.4987573027610779,0.0,0.0,SE10_SE10
96,0.0,0.010737248696386814,0.0,0.0,SE10_SE22
97,0.0,0.010725094936788082,0.0,0.0,SE10_SE42
98,0.0,0.010749264620244503,0.0,0.0,SE10_SE20
99,1.0,0.5380186438560486,1.0,0.33055537939071655,SE11_SE6
100,0.0,0.04069744050502777,1.0,0.43595629930496216,SE11_SE24
101,1.0,0.9891670942306519,1.0,0.4619843661785126,SE11_SE35
102,1.0,0.6677089929580688,1.0,0.4274998903274536,SE11_SE47
103,1.0,0.9889051914215088,1.0,0.32922133803367615,SE11_SE57
104,1.0,0.9888727068901062,0.0,0.0,SE11_SE55
105,1.0,0.977220892906189,0.0,0.0,SE11_SE51
106,0.0,0.010725094936788082,0.0,0.0,SE11_SE46
107,0.0,0.010725429281592369,0.0,0.0,SE11_SE37
108,0.0,0.01073015108704567,0.0,0.0,SE11_SE12
109,1.0,0.5134652256965637,0.0,0.0,SE11_SE19
110,1.0,0.8450009226799011,0.0,0.0,SE11_SE25
111,0.0,0.010725307278335094,0.0,0.0,SE11_SE23
112,0.0,0.010725094936788082,0.0,0.0,SE11_SE41
113,1.0,0.5610137581825256,0.0,0.0,SE11_SE21
114,1.0,0.8923693895339966,0.0,0.0,SE11_SE32
115,1.0,0.9516757726669312,1.0,0.3769291341304779,SE12_SE24
116,1.0,0.9891670942306519,1.0,0.30229902267456055,SE12_SE40
117,1.0,0.9891670942306519,1.0,0.4933323264122009,SE12_SE43
118,1.0,0.9891670942306519,1.0,0.4462810158729553,SE12_SE46
119,0.0,0.057678889483213425,0.0,0.0,SE12_SE1
120,0.0,0.010756249539554119,0.0,0.0,SE12_SE26
121,0.0,0.010725094936788082,0.0,0.0,SE12_SE42
122,0.0,0.05867234244942665,0.0,0.0,SE12_SE37
123,0.0,0.06269708275794983,0.0,0.0,SE12_SE36
124,0.0,0.010725094936788082,0.0,0.0,SE12_SE45
125,0.0,0.010725099593400955,0.0,0.0,SE12_SE58
126,0.0,0.011730612255632877,0.0,0.0,SE12_SE4
127,0.0,0.4987483322620392,0.0,0.0,SE12_SE12
128,0.0,0.09441883116960526,0.0,0.0,SE12_SE2
129,0.0,0.03673052415251732,1.0,0.2626602351665497,SE13_SE5
130,1.0,0.9889407753944397,1.0,0.2785944640636444,SE13_SE6
131,1.0,0.9887068271636963,1.0,0.47567492723464966,SE13_SE12
132,1.0,0.8014928102493286,1.0,0.4443756341934204,SE13_SE21
133,1.0,0.9629909992218018,1.0,0.4106159210205078,SE13_SE25
134,1.0,0.9891670942306519,1.0,0.2993827164173126,SE13_SE41
135,0.0,0.011621956713497639,0.0,0.0,SE13_SE50
136,1.0,0.9800865650177002,0.0,0.0,SE13_SE28
137,0.0,0.012254538014531136,0.0,0.0,SE13_SE24
138,0.0,0.010725150816142559,0.0,0.0,SE13_SE51
139,0.0,0.010725094936788082,0.0,0.0,SE13_SE18
140,0.0,0.010726061649620533,0.0,0.0,SE13_SE32
141,0.0,0.010757852345705032,0.0,0.0,SE13_SE3
142,1.0,0.9890866279602051,1.0,0.31464314460754395,SE14_SE6
143,1.0,0.9891670942306519,1.0,0.38506028056144714,SE14_SE9
144,1.0,0.9891670942306519,1.0,0.380342036485672,SE14_SE16
145,1.0,0.9811484217643738,1.0,0.3033880889415741,SE14_SE17
146,1.0,0.9891670942306519,1.0,0.3085903525352478,SE14_SE35
147,0.0,0.010725094936788082,0.0,0.0,SE14_SE43
148,0.0,0.01072528213262558,0.0,0.0,SE14_SE52
149,0.0,0.010823298245668411,0.0,0.0,SE14_SE48
150,0.0,0.018525978550314903,0.0,0.0,SE14_SE50
151,0.0,0.010725094936788082,0.0,0.0,SE14_SE46
152,0.0,0.01188940554857254,0.0,0.0,SE14_SE3
153,1.0,0.8247097134590149,0.0,0.0,SE14_SE54
154,0.0,0.010762152262032032,0.0,0.0,SE14_SE27
155,0.0,0.011745342053472996,0.0,0.0,SE14_SE55
156,0.0,0.010725105181336403,0.0,0.0,SE14_SE49
157,1.0,0.8822165131568909,1.0,0.3032855689525604,SE16_SE9
158,1.0,0.989134669303894,1.0,0.25942572951316833,SE16_SE40
159,1.0,0.9891670942306519,1.0,0.3147522211074829,SE16_SE41
160,1.0,0.9891670942306519,1.0,0.39606088399887085,SE16_SE48
161,0.0,0.010725094936788082,0.0,0.0,SE16_SE34
162,0.0,0.010732980445027351,0.0,0.0,SE16_SE38
163,0.0,0.010897382162511349,0.0,0.0,SE16_SE20
164,0.0,0.010725094936788082,0.0,0.0,SE16_SE33
165,0.0,0.010730838403105736,0.0,0.0,SE16_SE6
166,0.0,0.023216553032398224,0.0,0.0,SE16_SE2
167,1.0,0.9891636371612549,1.0,0.26938551664352417,SE17_SE20
168,1.0,0.9891670942306519,1.0,0.42997851967811584,SE17_SE22
169,1.0,0.9891670942306519,1.0,0.49164512753486633,SE17_SE42
170,1.0,0.9891471862792969,1.0,0.3069048523902893,SE17_SE47
171,1.0,0.9891670942306519,1.0,0.3857312798500061,SE17_SE48
172,1.0,0.9891670942306519,1.0,0.3558027148246765,SE17_SE51
173,0.0,0.010807457379996777,0.0,0.0,SE17_SE4
174,0.0,0.01072537899017334,0.0,0.0,SE17_SE40
175,0.0,0.4987383782863617,0.0,0.0,SE17_SE17
176,0.0,0.010725099593400955,0.0,0.0,SE17_SE6
177,0.0,0.015337684191763401,0.0,0.0,SE17_SE14
178,1.0,0.9891668558120728,1.0,0.3758818507194519,SE18_SE4
179,1.0,0.9891670942306519,1.0,0.4120161831378937,SE18_SE6
180,1.0,0.9891670942306519,1.0,0.27141016721725464,SE18_SE22
181,1.0,0.8731651902198792,1.0,0.35163408517837524,SE18_SE25
182,1.0,0.9891670942306519,1.0,0.49491727352142334,SE18_SE27
183,0.0,0.010725094936788082,0.0,0.0,SE18_SE43
184,0.0,0.010728207416832447,0.0,0.0,SE18_SE2
185,0.0,0.0376870334148407,0.0,0.0,SE18_SE50
186,0.0,0.03154464438557625,0.0,0.0,SE18_SE9
187,0.0,0.19262918829917908,0.0,0.0,SE18_SE51
188,0.0,0.010725094936788082,0.0,0.0,SE18_SE1
189,1.0,0.9807479381561279,0.0,0.0,SE18_SE47
190,0.0,0.03875177726149559,0.0,0.0,SE18_SE45
191,0.0,0.3076994717121124,1.0,0.2525687515735626,SE19_SE12
192,1.0,0.9891670942306519,1.0,0.3416096866130829,SE19_SE22
193,1.0,0.8103355169296265,1.0,0.2957015931606293,SE19_SE23
194,1.0,0.9891489148139954,1.0,0.35852357745170593,SE19_SE26
195,1.0,0.9851346611976624,1.0,0.38927432894706726,SE19_SE34
196,1.0,0.6569246053695679,1.0,0.27593445777893066,SE19_SE37
197,0.0,0.011813621036708355,0.0,0.0,SE19_SE10
198,0.0,0.30291178822517395,0.0,0.0,SE19_SE40
199,0.0,0.01072612777352333,0.0,0.0,SE19_SE13
200,1.0,0.9304512739181519,0.0,0.0,SE19_SE33
201,0.0,0.1639164835214615,0.0,0.0,SE19_SE11
202,0.0,0.010725206695497036,0.0,0.0,SE19_SE42
203,0.0,0.045281894505023956,0.0,0.0,SE19_SE48
204,0.0,0.043178390711545944,0.0,0.0,SE19_SE32
205,0.0,0.010755985975265503,0.0,0.0,SE19_SE50
206,0.0,0.011031566187739372,0.0,0.0,SE19_SE24
207,0.0,0.010725094936788082,0.0,0.0,SE19_SE14
208,0.0,0.010823016986250877,0.0,0.0,SE19_SE25
209,1.0,0.7782915234565735,1.0,0.37433120608329773,SE20_SE47
210,1.0,0.7775294184684753,1.0,0.3655301034450531,SE20_SE48
211,1.0,0.9891670942306519,1.0,0.4288924038410187,SE20_SE49
212,1.0,0.9585428237915039,1.0,0.29412397742271423,SE20_SE51
213,1.0,0.7507176399230957,1.0,0.26418623328208923,SE20_SE52
214,1.0,0.786406934261322,0.0,0.0,SE20_SE28
215,0.0,0.07023084163665771,0.0,0.0,SE20_SE54
216,0.0,0.012973438948392868,0.0,0.0,SE20_SE34
217,1.0,0.8904270529747009,0.0,0.0,SE20_SE2
218,0.0,0.011611237190663815,0.0,0.0,SE20_SE50
219,0.0,0.015148886479437351,0.0,0.0,SE20_SE33
220,0.0,0.1836293339729309,0.0,0.0,SE20_SE4
221,0.0,0.04308449476957321,0.0,0.0,SE20_SE59
222,0.0,0.499166339635849,0.0,0.0,SE20_SE20
223,1.0,0.9891647696495056,1.0,0.3864811360836029,SE21_SE9
224,1.0,0.9891670942306519,1.0,0.4860578179359436,SE21_SE10
225,1.0,0.9891173243522644,1.0,0.35842302441596985,SE21_SE46
226,1.0,0.9891669750213623,1.0,0.41050487756729126,SE21_SE48
227,0.0,0.010725135914981365,0.0,0.0,SE21_SE25
228,0.0,0.01073342002928257,0.0,0.0,SE21_SE32
229,0.0,0.010928623378276825,0.0,0.0,SE21_SE52
230,0.0,0.010802076198160648,0.0,0.0,SE21_SE2
231,0.0,0.01217973604798317,0.0,0.0,SE21_SE47
232,0.0,0.1964319944381714,0.0,0.0,SE21_SE22
233,0.0,0.16887617111206055,0.0,0.0,SE21_SE55
234,1.0,0.9891670942306519,1.0,0.2844197452068329,SE22_SE16
235,1.0,0.9891670942306519,1.0,0.4179941713809967,SE22_SE21
236,1.0,0.9891127943992615,1.0,0.25848451256752014,SE22_SE25
237,1.0,0.9889524579048157,1.0,0.4214823246002197,SE22_SE35
238,1.0,0.9882919192314148,1.0,0.26557105779647827,SE22_SE43
239,1.0,0.966245174407959,1.0,0.48619797825813293,SE22_SE50
240,0.0,0.0107269873842597,0.0,0.0,SE22_SE33
241,0.0,0.01072590984404087,0.0,0.0,SE22_SE42
242,0.0,0.010727128945291042,0.0,0.0,SE22_SE59
243,0.0,0.010725094936788082,0.0,0.0,SE22_SE48
244,0.0,0.010725905187427998,0.0,0.0,SE22_SE37
245,0.0,0.010725094936788082,0.0,0.0,SE22_SE5
246,1.0,0.9891670942306519,1.0,0.3901800811290741,SE23_SE12
247,1.0,0.9891626834869385,1.0,0.3852563500404358,SE23_SE28
248,1.0,0.9891670942306519,1.0,0.4797878861427307,SE23_SE37
249,1.0,0.9808343052864075,1.0,0.32685738801956177,SE23_SE56
250,1.0,0.9891670942306519,1.0,0.4395392835140228,SE23_SE57
251,0.0,0.14473894238471985,0.0,0.0,SE23_SE54
252,0.0,0.01142763253301382,0.0,0.0,SE23_SE45
253,0.0,0.010725094936788082,0.0,0.0,SE23_SE13
254,0.0,0.08888550102710724,0.0,0.0,SE23_SE11
255,0.0,0.01072525791823864,0.0,0.0,SE23_SE9
256,0.0,0.0107255345210433,0.0,0.0,SE23_SE24
257,0.0,0.09554975479841232,0.0,0.0,SE23_SE47
258,1.0,0.9891652464866638,1.0,0.32874736189842224,SE24_SE5
259,1.0,0.9596225619316101,1.0,0.2856481075286865,SE24_SE19
260,1.0,0.9891670942306519,1.0,0.3881172239780426,SE24_SE21
261,1.0,0.9891670942306519,1.0,0.4358917474746704,SE24_SE48
262,1.0,0.9891465902328491,1.0,0.3691398501396179,SE24_SE57
263,0.0,0.010726177133619785,0.0,0.0,SE24_SE43
264,0.0,0.1443776935338974,0.0,0.0,SE24_SE35
265,0.0,0.010726779699325562,0.0,0.0,SE24_SE51
266,0.0,0.010725094936788082,0.0,0.0,SE24_SE41
267,0.0,0.02642897143959999,0.0,0.0,SE24_SE56
268,0.0,0.010733136907219887,0.0,0.0,SE24_SE49
269,0.0,0.015474772080779076,0.0,0.0,SE24_SE32
270,0.0,0.010776238515973091,0.0,0.0,SE24_SE12
271,0.0,0.010725115425884724,0.0,0.0,SE24_SE38
272,1.0,0.9891670942306519,1.0,0.43300747871398926,SE25_SE12
273,0.0,0.302342027425766,1.0,0.46700334548950195,SE25_SE13
274,1.0,0.9891327023506165,1.0,0.4170195162296295,SE25_SE22
275,1.0,0.9660947918891907,1.0,0.26355472207069397,SE25_SE24
276,0.0,0.017177585512399673,0.0,0.0,SE25_SE36
277,0.0,0.1496199071407318,0.0,0.0,SE25_SE2
278,1.0,0.9887823462486267,0.0,0.0,SE25_SE4
279,0.0,0.05658810958266258,0.0,0.0,SE25_SE50
280,0.0,0.010901838541030884,0.0,0.0,SE25_SE28
281,0.0,0.010725094936788082,0.0,0.0,SE25_SE57
282,0.0,0.039901796728372574,0.0,0.0,SE25_SE18
283,1.0,0.9891670942306519,1.0,0.33609071373939514,SE26_SE16
284,1.0,0.9639444351196289,1.0,0.3768201768398285,SE26_SE19
285,1.0,0.9891670942306519,1.0,0.3929794132709503,SE26_SE37
286,1.0,0.9891670942306519,1.0,0.45034483075141907,SE26_SE56
287,0.0,0.24848026037216187,1.0,0.3896966278553009,SE26_SE57
288,1.0,0.5874878168106079,0.0,0.0,SE26_SE25
289,0.0,0.010725135914981365,0.0,0.0,SE26_SE1
290,0.0,0.010725094936788082,0.0,0.0,SE26_SE50
291,0.0,0.010729274712502956,0.0,0.0,SE26_SE22
292,0.0,0.37830954790115356,0.0,0.0,SE26_SE55
293,0.0,0.010725105181336403,0.0,0.0,SE26_SE32
294,0.0,0.010725196450948715,0.0,0.0,SE26_SE9
295,0.0,0.01072518527507782,0.0,0.0,SE26_SE34
296,1.0,0.860447347164154,0.0,0.0,SE26_SE40
297,0.0,0.4808492660522461,0.0,0.0,SE26_SE48
298,0.0,0.010725980624556541,0.0,0.0,SE26_SE54
299,1.0,0.9857175350189209,1.0,0.35314831137657166,SE27_SE2
300,1.0,0.7376051545143127,1.0,0.3659627139568329,SE27_SE16
301,1.0,0.9891670942306519,1.0,0.4764350652694702,SE27_SE46
302,1.0,0.9877223968505859,1.0,0.2726241648197174,SE27_SE50
303,0.0,0.06749790161848068,0.0,0.0,SE27_SE36
304,0.0,0.04665226861834526,0.0,0.0,SE27_SE26
305,0.0,0.011086919344961643,0.0,0.0,SE27_SE43
306,0.0,0.010725099593400955,0.0,0.0,SE27_SE5
307,0.0,0.28184977173805237,0.0,0.0,SE27_SE18
308,0.0,0.03315824642777443,0.0,0.0,SE27_SE6
309,1.0,0.9891670942306519,1.0,0.40676969289779663,SE28_SE17
310,1.0,0.9891670942306519,1.0,0.41959208250045776,SE28_SE19
311,1.0,0.9891669750213623,1.0,0.43220171332359314,SE28_SE43
312,1.0,0.9852249026298523,1.0,0.35247141122817993,SE28_SE56
313,0.0,0.011274633929133415,0.0,0.0,SE28_SE36
314,0.0,0.010731896385550499,0.0,0.0,SE28_SE21
315,0.0,0.010740157216787338,0.0,0.0,SE28_SE10
316,0.0,0.010725580155849457,0.0,0.0,SE28_SE14
317,0.0,0.01072848029434681,0.0,0.0,SE28_SE3
318,0.0,0.010725094936788082,0.0,0.0,SE28_SE26
319,0.0,0.010730965062975883,0.0,0.0,SE28_SE27
320,1.0,0.9532442092895508,0.0,0.0,SE28_SE32
321,0.0,0.010997404344379902,0.0,0.0,SE28_SE49
322,0.0,0.41900473833084106,0.0,0.0,SE28_SE20
323,1.0,0.9891668558120728,1.0,0.39501693844795227,SE32_SE1
324,1.0,0.9891669750213623,1.0,0.48786288499832153,SE32_SE11
325,1.0,0.9891670942306519,1.0,0.4202231466770172,SE32_SE16
326,1.0,0.9891669750213623,1.0,0.47692638635635376,SE32_SE23
327,1.0,0.8966357707977295,1.0,0.36712321639060974,SE32_SE51
328,1.0,0.9891670942306519,1.0,0.4399847686290741,SE32_SE58
329,0.0,0.012442157603800297,0.0,0.0,SE32_SE27
330,1.0,0.5463252663612366,0.0,0.0,SE32_SE25
331,0.0,0.13933251798152924,0.0,0.0,SE32_SE41
332,1.0,0.9551736116409302,0.0,0.0,SE32_SE20
333,0.0,0.010725140571594238,0.0,0.0,SE32_SE3
334,0.0,0.010726617649197578,0.0,0.0,SE32_SE10
335,1.0,0.9439647793769836,1.0,0.3237819969654083,SE33_SE18
336,1.0,0.9891595244407654,1.0,0.40827077627182007,SE33_SE26
337,0.0,0.013296226970851421,1.0,0.49665066599845886,SE33_SE28
338,1.0,0.9835771918296814,1.0,0.2897864580154419,SE33_SE37
339,1.0,0.987321138381958,1.0,0.3569234609603882,SE33_SE40
340,1.0,0.9891401529312134,1.0,0.3031369149684906,SE33_SE43
341,1.0,0.8992889523506165,0.0,0.0,SE33_SE21
342,0.0,0.04243339225649834,0.0,0.0,SE33_SE56
343,0.0,0.12582945823669434,0.0,0.0,SE33_SE46
344,0.0,0.01072616782039404,0.0,0.0,SE33_SE34
345,0.0,0.010914793238043785,0.0,0.0,SE33_SE52
346,0.0,0.010725094936788082,0.0,0.0,SE33_SE45
347,1.0,0.989164412021637,0.0,0.0,SE33_SE47
348,1.0,0.9852059483528137,0.0,0.0,SE33_SE1
349,0.0,0.011781490407884121,0.0,0.0,SE33_SE32
350,0.0,0.10886771976947784,0.0,0.0,SE33_SE50
351,1.0,0.9477711915969849,1.0,0.2986459732055664,SE34_SE2
352,1.0,0.9891665577888489,1.0,0.3740043044090271,SE34_SE12
353,1.0,0.9891571998596191,1.0,0.38904106616973877,SE34_SE14
354,1.0,0.989165723323822,1.0,0.36510127782821655,SE34_SE35
355,1.0,0.9891670942306519,1.0,0.4613625109195709,SE34_SE50
356,1.0,0.9891669750213623,1.0,0.356178879737854,SE34_SE52
357,0.0,0.013268460519611835,0.0,0.0,SE34_SE47
358,0.0,0.010730586014688015,0.0,0.0,SE34_SE24
359,0.0,0.010725246742367744,0.0,0.0,SE34_SE59
360,0.0,0.010725094936788082,0.0,0.0,SE34_SE1
361,0.0,0.010729756206274033,0.0,0.0,SE34_SE4
362,0.0,0.010761735960841179,0.0,0.0,SE34_SE6
363,0.0,0.01293988712131977,0.0,0.0,SE34_SE3
364,0.0,0.01169227622449398,0.0,0.0,SE34_SE46
365,0.0,0.01072589959949255,0.0,0.0,SE34_SE42
366,0.0,0.010965145193040371,0.0,0.0,SE34_SE56
367,1.0,0.9891670942306519,1.0,0.3053143322467804,SE35_SE23
368,1.0,0.9771146178245544,1.0,0.2766270935535431,SE35_SE40
369,1.0,0.9891664385795593,1.0,0.29610711336135864,SE35_SE45
370,1.0,0.9824695587158203,1.0,0.40083566308021545,SE35_SE54
371,1.0,0.9891670942306519,1.0,0.4133968651294708,SE35_SE58
372,1.0,0.9891670942306519,1.0,0.3431633412837982,SE35_SE59
373,0.0,0.010725287720561028,0.0,0.0,SE35_SE33
374,0.0,0.010768463835120201,0.0,0.0,SE35_SE21
375,0.0,0.0182271059602499,0.0,0.0,SE35_SE4
376,0.0,0.4987509548664093,0.0,0.0,SE35_SE35
377,0.0,0.010791854932904243,0.0,0.0,SE35_SE49
378,0.0,0.010725094936788082,0.0,0.0,SE35_SE42
379,0.0,0.010725094936788082,0.0,0.0,SE35_SE16
380,0.0,0.011214916594326496,0.0,0.0,SE35_SE10
381,0.0,0.01088592130690813,0.0,0.0,SE35_SE24
382,0.0,0.010725175961852074,0.0,0.0,SE35_SE1
383,1.0,0.9890791773796082,1.0,0.3427078425884247,SE36_SE10
384,1.0,0.9885353446006775,1.0,0.4305840730667114,SE36_SE17
385,1.0,0.9809067845344543,1.0,0.2870112359523773,SE36_SE45
386,0.0,0.03733757138252258,1.0,0.3273179531097412,SE36_SE47
387,1.0,0.978919267654419,1.0,0.2590911090373993,SE36_SE57
388,0.0,0.01186536904424429,0.0,0.0,SE36_SE51
389,0.0,0.17567336559295654,0.0,0.0,SE36_SE32
390,0.0,0.010727301239967346,0.0,0.0,SE36_SE26
391,1.0,0.6786078214645386,0.0,0.0,SE36_SE3
392,1.0,0.9891181588172913,0.0,0.0,SE36_SE20
393,1.0,0.6305233836174011,0.0,0.0,SE36_SE27
394,0.0,0.04067646712064743,0.0,0.0,SE36_SE41
395,0.0,0.03512329235672951,0.0,0.0,SE36_SE43
396,1.0,0.9411559700965881,1.0,0.4316869378089905,SE37_SE2
397,1.0,0.9891670942306519,1.0,0.4745394289493561,SE37_SE25
398,1.0,0.9891668558120728,1.0,0.3951815366744995,SE37_SE27
399,1.0,0.9891670942306519,1.0,0.3764728605747223,SE37_SE46
400,1.0,0.9814139008522034,1.0,0.4460033178329468,SE37_SE51
401,1.0,0.9891670942306519,1.0,0.4138679802417755,SE37_SE57
402,0.0,0.010725094936788082,0.0,0.0,SE37_SE18
403,0.0,0.026451513171195984,0.0,0.0,SE37_SE5
404,1.0,0.5625230669975281,0.0,0.0,SE37_SE52
405,0.0,0.010725094936788082,0.0,0.0,SE37_SE9
406,0.0,0.010725094936788082,0.0,0.0,SE37_SE14
407,1.0,0.9874159693717957,1.0,0.25133174657821655,SE38_SE13
408,1.0,0.9891664385795593,1.0,0.29778340458869934,SE38_SE27
409,1.0,0.9891670942306519,1.0,0.4419541656970978,SE38_SE28
410,1.0,0.9882485866546631,1.0,0.4384291172027588,SE38_SE36
411,1.0,0.9870245456695557,1.0,0.36041462421417236,SE38_SE58
412,0.0,0.010949637740850449,0.0,0.0,SE38_SE32
413,0.0,0.010725230909883976,0.0,0.0,SE38_SE1
414,1.0,0.7822809219360352,0.0,0.0,SE38_SE46
415,0.0,0.010780111886560917,0.0,0.0,SE38_SE55
416,0.0,0.09966785460710526,0.0,0.0,SE38_SE6
417,0.0,0.01755879446864128,0.0,0.0,SE38_SE22
418,0.0,0.010756071656942368,0.0,0.0,SE38_SE56
419,0.0,0.01072516106069088,0.0,0.0,SE38_SE34
420,0.0,0.49874645471572876,0.0,0.0,SE38_SE38
421,1.0,0.9884651899337769,1.0,0.3887188732624054,SE40_SE13
422,1.0,0.989132821559906,1.0,0.2603127956390381,SE40_SE16
423,1.0,0.986623227596283,1.0,0.28680047392845154,SE40_SE18
424,1.0,0.9891669750213623,1.0,0.4142000675201416,SE40_SE26
425,0.0,0.02155236154794693,0.0,0.0,SE40_SE12
426,0.0,0.010744362138211727,0.0,0.0,SE40_SE9
427,0.0,0.010725094936788082,0.0,0.0,SE40_SE5
428,0.0,0.011344250291585922,0.0,0.0,SE40_SE25
429,1.0,0.6386034488677979,0.0,0.0,SE40_SE59
430,0.0,0.01099343691021204,0.0,0.0,SE40_SE58
431,0.0,0.010857596062123775,0.0,0.0,SE40_SE3
432,1.0,0.9891670942306519,1.0,0.3510815501213074,SE41_SE4
433,1.0,0.9891670942306519,1.0,0.4385315775871277,SE41_SE12
434,1.0,0.9891670942306519,1.0,0.38080552220344543,SE41_SE19
435,1.0,0.9891670942306519,1.0,0.4236801266670227,SE41_SE25
436,1.0,0.989166796207428,1.0,0.26503893733024597,SE41_SE45
437,0.0,0.01111624576151371,0.0,0.0,SE41_SE26
438,0.0,0.0107251713052392,0.0,0.0,SE41_SE49
439,0.0,0.011162425391376019,0.0,0.0,SE41_SE27
440,0.0,0.010725094936788082,0.0,0.0,SE41_SE33
441,0.0,0.010725094936788082,0.0,0.0,SE41_SE55
442,0.0,0.010725094936788082,0.0,0.0,SE41_SE42
443,1.0,0.8916966915130615,1.0,0.4038947820663452,SE42_SE13
444,1.0,0.9891670942306519,1.0,0.49850693345069885,SE42_SE14
445,1.0,0.9891670942306519,1.0,0.4638061821460724,SE42_SE20
446,1.0,0.9891670942306519,1.0,0.3171217441558838,SE42_SE52
447,0.0,0.010725105181336403,0.0,0.0,SE42_SE27
448,0.0,0.01076234970241785,0.0,0.0,SE42_SE54
449,0.0,0.1778123527765274,0.0,0.0,SE42_SE2
450,0.0,0.010725135914981365,0.0,0.0,SE42_SE28
451,0.0,0.01646324060857296,0.0,0.0,SE42_SE24
452,0.0,0.010748950764536858,0.0,0.0,SE42_SE11
453,0.0,0.011693621054291725,0.0,0.0,SE42_SE17
454,0.0,0.010725094936788082,0.0,0.0,SE42_SE18
455,0.0,0.010725094936788082,0.0,0.0,SE42_SE33
456,0.0,0.010725094936788082,0.0,0.0,SE42_SE12
457,1.0,0.8993434309959412,1.0,0.40459999442100525,SE43_SE25
458,0.0,0.09963824599981308,1.0,0.3367098271846771,SE43_SE34
459,1.0,0.9891670942306519,1.0,0.4861791431903839,SE43_SE40
460,1.0,0.9891296625137329,1.0,0.4932217299938202,SE43_SE50
461,0.0,0.011457892134785652,1.0,0.25904035568237305,SE43_SE55
462,0.0,0.010725099593400955,0.0,0.0,SE43_SE49
463,0.0,0.028020601719617844,0.0,0.0,SE43_SE11
464,0.0,0.010725094936788082,0.0,0.0,SE43_SE41
465,0.0,0.01073284912854433,0.0,0.0,SE43_SE2
466,0.0,0.010873631574213505,0.0,0.0,SE43_SE37
467,0.0,0.49875250458717346,0.0,0.0,SE43_SE43
468,0.0,0.010725924745202065,0.0,0.0,SE43_SE35
469,0.0,0.012591321021318436,0.0,0.0,SE43_SE22
470,0.0,0.010725094936788082,0.0,0.0,SE43_SE16
471,1.0,0.989166796207428,1.0,0.330600380897522,SE45_SE21
472,1.0,0.9891670942306519,1.0,0.4757651388645172,SE45_SE28
473,1.0,0.9891670942306519,1.0,0.2576926350593567,SE45_SE36
474,1.0,0.9886866807937622,1.0,0.35631969571113586,SE45_SE47
475,1.0,0.9890546798706055,1.0,0.2979205846786499,SE45_SE55
476,0.0,0.388029545545578,0.0,0.0,SE45_SE20
477,0.0,0.010733385570347309,0.0,0.0,SE45_SE1
478,0.0,0.010749290697276592,0.0,0.0,SE45_SE5
479,0.0,0.010725099593400955,0.0,0.0,SE45_SE6
480,0.0,0.046623002737760544,0.0,0.0,SE45_SE57
481,0.0,0.010725094936788082,0.0,0.0,SE45_SE17
482,0.0,0.037751149386167526,0.0,0.0,SE45_SE54
483,0.0,0.010725094936788082,0.0,0.0,SE45_SE11
484,0.0,0.013412686064839363,0.0,0.0,SE45_SE50
485,1.0,0.9891670942306519,1.0,0.4079373776912689,SE46_SE9
486,1.0,0.958246111869812,1.0,0.38192838430404663,SE46_SE21
487,1.0,0.9891670942306519,1.0,0.36031651496887207,SE46_SE42
488,1.0,0.9891670942306519,1.0,0.42425742745399475,SE46_SE48
489,1.0,0.9891670942306519,1.0,0.3352147936820984,SE46_SE49
490,1.0,0.9891614317893982,1.0,0.32151758670806885,SE46_SE55
491,0.0,0.010890856385231018,0.0,0.0,SE46_SE5
492,0.0,0.010725094936788082,0.0,0.0,SE46_SE24
493,0.0,0.010725121013820171,0.0,0.0,SE46_SE14
494,0.0,0.01986699365079403,0.0,0.0,SE46_SE2
495,0.0,0.010725155472755432,0.0,0.0,SE46_SE56
496,0.0,0.010725094936788082,0.0,0.0,SE46_SE17
497,1.0,0.8493164777755737,0.0,0.0,SE46_SE18
498,0.0,0.010728738270699978,0.0,0.0,SE46_SE43
499,0.0,0.010725094936788082,0.0,0.0,SE46_SE50
500,1.0,0.9891616106033325,1.0,0.39767760038375854,SE47_SE14
501,1.0,0.9644476175308228,1.0,0.2721789479255676,SE47_SE16
502,1.0,0.894717276096344,1.0,0.35408255457878113,SE47_SE17
503,0.0,0.03366002067923546,1.0,0.3597218692302704,SE47_SE32
504,1.0,0.9891666769981384,1.0,0.36433276534080505,SE47_SE58
505,0.0,0.011022170074284077,0.0,0.0,SE47_SE40
506,1.0,0.6737618446350098,0.0,0.0,SE47_SE54
507,1.0,0.9886449575424194,0.0,0.0,SE47_SE37
508,0.0,0.1430218517780304,0.0,0.0,SE47_SE13
509,0.0,0.013297603465616703,0.0,0.0,SE47_SE25
510,0.0,0.012604505755007267,0.0,0.0,SE47_SE55
511,0.0,0.03653647005558014,0.0,0.0,SE47_SE20
512,1.0,0.9891670942306519,1.0,0.41649800539016724,SE48_SE4
513,1.0,0.9891670942306519,1.0,0.4667115807533264,SE48_SE19
514,1.0,0.9891670942306519,1.0,0.4370402991771698,SE48_SE20
515,1.0,0.9891669750213623,1.0,0.2889183759689331,SE48_SE25
516,1.0,0.9891670942306519,1.0,0.3101890981197357,SE48_SE49
517,1.0,0.9891662001609802,1.0,0.256550669670105,SE48_SE50
518,0.0,0.010725094936788082,0.0,0.0,SE48_SE14
519,0.0,0.010725099593400955,0.0,0.0,SE48_SE51
520,0.0,0.010725094936788082,0.0,0.0,SE48_SE45
521,0.0,0.010725868865847588,0.0,0.0,SE48_SE42
522,0.0,0.010725099593400955,0.0,0.0,SE48_SE55
523,1.0,0.9885764718055725,0.0,0.0,SE48_SE11
524,0.0,0.01074623316526413,0.0,0.0,SE48_SE38
525,1.0,0.9891670942306519,1.0,0.3387874662876129,SE49_SE5
526,1.0,0.9891481995582581,1.0,0.33854445815086365,SE49_SE6
527,1.0,0.9891670942306519,1.0,0.329255610704422,SE49_SE34
528,1.0,0.9891670942306519,1.0,0.4358249604701996,SE49_SE52
529,0.0,0.01597713492810726,0.0,0.0,SE49_SE38
530,0.0,0.010725094936788082,0.0,0.0,SE49_SE43
531,0.0,0.028461983427405357,0.0,0.0,SE49_SE40
532,1.0,0.6440198421478271,0.0,0.0,SE49_SE10
533,0.0,0.02042638324201107,0.0,0.0,SE49_SE28
534,0.0,0.010725094936788082,0.0,0.0,SE49_SE22
535,1.0,0.9891670942306519,1.0,0.4919927418231964,SE50_SE12
536,1.0,0.9891597628593445,1.0,0.4192976653575897,SE50_SE25
537,1.0,0.989166796207428,1.0,0.41671836376190186,SE50_SE27
538,1.0,0.989159882068634,1.0,0.43316519260406494,SE50_SE56
539,1.0,0.5509611964225769,0.0,0.0,SE50_SE43
540,0.0,0.01819157972931862,0.0,0.0,SE50_SE52
541,0.0,0.010973013937473297,0.0,0.0,SE50_SE38
542,0.0,0.010725094936788082,0.0,0.0,SE50_SE58
543,0.0,0.010725109837949276,0.0,0.0,SE50_SE42
544,0.0,0.025521719828248024,0.0,0.0,SE50_SE9
545,0.0,0.011024286039173603,0.0,0.0,SE50_SE55
546,0.0,0.010725105181336403,0.0,0.0,SE50_SE49
547,1.0,0.9881280064582825,1.0,0.32320547103881836,SE51_SE5
548,1.0,0.9891670942306519,1.0,0.2703612446784973,SE51_SE9
549,1.0,0.9891670942306519,1.0,0.44212353229522705,SE51_SE17
550,1.0,0.989111602306366,1.0,0.37804049253463745,SE51_SE37
551,1.0,0.9891458749771118,1.0,0.4024166464805603,SE51_SE49
552,1.0,0.9052931070327759,1.0,0.30441784858703613,SE51_SE56
553,0.0,0.01072516106069088,0.0,0.0,SE51_SE18
554,0.0,0.011021411046385765,0.0,0.0,SE51_SE38
555,0.0,0.010725094936788082,0.0,0.0,SE51_SE1
556,0.0,0.011564644984900951,0.0,0.0,SE51_SE23
557,0.0,0.010725099593400955,0.0,0.0,SE51_SE13
558,0.0,0.010854620486497879,0.0,0.0,SE51_SE26
559,0.0,0.02370859496295452,1.0,0.31831350922584534,SE52_SE18
560,1.0,0.9891670942306519,1.0,0.43123286962509155,SE52_SE19
561,1.0,0.9891670942306519,1.0,0.2545270323753357,SE52_SE33
562,1.0,0.9891670942306519,1.0,0.4906781017780304,SE52_SE36
563,1.0,0.9891557097434998,1.0,0.40168294310569763,SE52_SE54
564,0.0,0.010725094936788082,0.0,0.0,SE52_SE24
565,0.0,0.010725094936788082,0.0,0.0,SE52_SE16
566,0.0,0.019595328718423843,0.0,0.0,SE52_SE6
567,0.0,0.345859557390213,0.0,0.0,SE52_SE4
568,0.0,0.011135079897940159,0.0,0.0,SE52_SE14
569,0.0,0.010726486332714558,0.0,0.0,SE52_SE51
570,1.0,0.9890739321708679,1.0,0.29310110211372375,SE54_SE18
571,1.0,0.9891670942306519,1.0,0.4779055118560791,SE54_SE23
572,1.0,0.9891577959060669,1.0,0.2714020311832428,SE54_SE36
573,1.0,0.9891664385795593,1.0,0.45121508836746216,SE54_SE37
574,1.0,0.9711524248123169,1.0,0.3240097463130951,SE54_SE56
575,1.0,0.9419902563095093,0.0,0.0,SE54_SE2
576,1.0,0.9743537306785583,0.0,0.0,SE54_SE41
577,1.0,0.6440994739532471,0.0,0.0,SE54_SE19
578,1.0,0.9874153733253479,0.0,0.0,SE54_SE45
579,0.0,0.01076861098408699,0.0,0.0,SE54_SE46
580,0.0,0.010861345566809177,0.0,0.0,SE54_SE51
581,0.0,0.010841604322195053,0.0,0.0,SE54_SE27
582,1.0,0.9860570430755615,1.0,0.36263927817344666,SE55_SE24
583,0.0,0.30710211396217346,1.0,0.2632908225059509,SE55_SE28
584,0.0,0.030474426224827766,1.0,0.44176194071769714,SE55_SE35
585,1.0,0.9891669750213623,1.0,0.4800703227519989,SE55_SE36
586,1.0,0.989164412021637,1.0,0.45249658823013306,SE55_SE46
587,1.0,0.9891651272773743,1.0,0.44883057475090027,SE55_SE57
588,0.0,0.12317199259996414,0.0,0.0,SE55_SE11
589,0.0,0.010728874243795872,0.0,0.0,SE55_SE43
590,0.0,0.010725094936788082,0.0,0.0,SE55_SE48
591,0.0,0.01072518527507782,0.0,0.0,SE55_SE16
592,0.0,0.010725094936788082,0.0,0.0,SE55_SE41
593,0.0,0.01079621259123087,0.0,0.0,SE55_SE33
594,1.0,0.9522333145141602,0.0,0.0,SE55_SE20
595,1.0,0.9824954271316528,0.0,0.0,SE55_SE26
596,1.0,0.9608131647109985,0.0,0.0,SE55_SE51
597,0.0,0.49930620193481445,0.0,0.0,SE55_SE55
598,1.0,0.9891670942306519,1.0,0.3170261085033417,SE56_SE3
599,1.0,0.9891635179519653,1.0,0.3530367314815521,SE56_SE11
600,1.0,0.9891665577888489,1.0,0.4354093074798584,SE56_SE32
601,0.0,0.4098297953605652,1.0,0.32310307025909424,SE56_SE35
602,1.0,0.9883771538734436,1.0,0.46150603890419006,SE56_SE48
603,1.0,0.6603170037269592,0.0,0.0,SE56_SE36
604,0.0,0.4741392433643341,0.0,0.0,SE56_SE24
605,0.0,0.020033301785588264,0.0,0.0,SE56_SE23
606,1.0,0.979437530040741,0.0,0.0,SE56_SE6
607,0.0,0.18283680081367493,0.0,0.0,SE56_SE2
608,0.0,0.010725682601332664,0.0,0.0,SE56_SE46
609,0.0,0.059575095772743225,0.0,0.0,SE56_SE52
610,0.0,0.05121549591422081,0.0,0.0,SE56_SE26
611,1.0,0.6091220378875732,1.0,0.3975018262863159,SE57_SE11
612,1.0,0.9891670942306519,1.0,0.4675758481025696,SE57_SE20
613,1.0,0.9891590476036072,1.0,0.34742438793182373,SE57_SE28
614,1.0,0.9891670942306519,1.0,0.4393630027770996,SE57_SE34
615,1.0,0.989166796207428,1.0,0.2989993691444397,SE57_SE45
616,0.0,0.010725105181336403,0.0,0.0,SE57_SE42
617,0.0,0.011644144542515278,0.0,0.0,SE57_SE58
618,0.0,0.010725094936788082,0.0,0.0,SE57_SE5
619,0.0,0.03132706508040428,0.0,0.0,SE57_SE2
620,0.0,0.010725656524300575,0.0,0.0,SE57_SE24
621,0.0,0.49875789880752563,0.0,0.0,SE57_SE57
622,0.0,0.0984269380569458,0.0,0.0,SE57_SE19
623,1.0,0.989166796207428,1.0,0.33135923743247986,SE58_SE6
624,1.0,0.9891670942306519,1.0,0.4858890771865845,SE58_SE20
625,1.0,0.9890900254249573,1.0,0.30636322498321533,SE58_SE35
626,1.0,0.9891670942306519,1.0,0.4402826428413391,SE58_SE36
627,1.0,0.978166937828064,1.0,0.3509328067302704,SE58_SE51
628,0.0,0.010728798806667328,0.0,0.0,SE58_SE24
629,1.0,0.5765849947929382,0.0,0.0,SE58_SE32
630,0.0,0.010725094936788082,0.0,0.0,SE58_SE43
631,0.0,0.010725125670433044,0.0,0.0,SE58_SE16
632,1.0,0.9891371130943298,1.0,0.33721140027046204,SE59_SE14
633,1.0,0.989047110080719,1.0,0.3301544189453125,SE59_SE33
634,0.0,0.10516471415758133,1.0,0.260408878326416,SE59_SE36
635,1.0,0.9890645742416382,1.0,0.30289238691329956,SE59_SE56
636,0.0,0.010725094936788082,0.0,0.0,SE59_SE58
637,0.0,0.032810114324092865,0.0,0.0,SE59_SE1
638,1.0,0.9673213958740234,0.0,0.0,SE59_SE6
639,0.0,0.010780895128846169,0.0,0.0,SE59_SE2
640,0.0,0.01498244795948267,0.0,0.0,SE59_SE46
641,0.0,0.0218114722520113,0.0,0.0,SE59_SE23
642,0.0,0.03416910395026207,0.0,0.0,SE59_SE34
643,0.0,0.01659015193581581,0.0,0.0,SE59_SE28
644,0.0,0.010767234489321709,0.0,0.0,SE59_SE17
