,connLabel,predLabel,confi,sample,pre_conn_conv1_fm0_mean,pre_conn_conv1_fm1_mean,pre_conn_conv1_fm2_mean,pre_conn_conv1_fm3_mean,pre_conn_conv2_fm0_mean,pre_conn_conv2_fm1_mean,post_conn_conv1_fm0_mean,post_conn_conv1_fm1_mean,post_conn_conv1_fm2_mean,post_conn_conv1_fm3_mean,post_conn_conv2_fm0_mean,post_conn_conv2_fm1_mean,postBN_conn_conv1_fm0_mean,postBN_conn_conv1_fm1_mean,postBN_conn_conv1_fm2_mean,postBN_conn_conv1_fm3_mean,postBN_conn_conv2_fm0_mean,postBN_conn_conv2_fm1_mean,peak_height,peak_lag,peak_halfMax_width,peak_to_noise,temporal_span,entropy,norm_entropy,norm_entropy_window,kl_divergence_window,Weight,test
0,1.0,1.0,0.9537807106971741,base_0_Pre_E3_Post,-366.13616943359375,-5.258860111236572,257.830322265625,-94.89261627197266,-2.1581506729125977,-2.3719046115875244,-0.9999993443489075,0.5603749752044678,1.0,-0.07522918283939362,-0.9993283748626709,-0.9994459748268127,-8.685449600219727,1.827615737915039,13.97668743133545,-0.21123212575912476,-4.059899806976318,-4.16648006439209,559.0,1,6,31.686317,10,6.6012697,0.991447889434807,0.9656838554162069,0.15072779874387968,1.873684210526316,base
1,1.0,1.0,0.9538015127182007,base_1_Pre_E11_Post,-359.8214111328125,-6.267348289489746,252.52780151367188,-92.80938720703125,-2.24218487739563,-2.450934648513794,-0.9999993443489075,0.5274574756622314,1.0,-0.06640317291021347,-0.999506413936615,-0.9995824694633484,-8.499342918395996,1.7786426544189453,13.696951866149902,-0.1313123255968094,-4.222317218780518,-4.303600311279297,509.0,1,7,32.22361,10,6.605016,0.9920105795148243,0.9695772013105526,0.13362677909774603,1.7473684210526317,base
2,1.0,1.0,0.9538317918777466,base_2_Pre_E14_Post,-356.8642272949219,-4.856588363647461,250.35650634765625,-91.10971069335938,-2.387903928756714,-2.6596333980560303,-0.9999991655349731,0.5306949615478516,1.0,-0.04136141017079353,-0.999737560749054,-0.9998093247413635,-8.412190437316895,1.8471505641937256,13.582404136657715,-0.06610710918903351,-4.503957271575928,-4.665701389312744,546.0,1,6,29.653273,12,6.6029463,0.9916996927084917,0.9673544018462934,0.14338969674144375,1.7473684210526317,base
3,1.0,1.0,0.953834593296051,base_2_Pre_E13_Post,-358.72015380859375,-6.156167984008789,252.30636596679688,-92.95601654052734,-2.429931640625,-2.684917449951172,-0.9999988079071045,0.5514395236968994,1.0,-0.03717473894357681,-0.9997725486755371,-0.9998160004615784,-8.466887474060059,1.7840417623519897,13.685269355773926,-0.13693758845329285,-4.5851874351501465,-4.709570407867432,567.0,1,5,35.06295,10,6.5911036,0.9899210277183796,0.9598898124268551,0.1761769207563881,1.936842105263158,base
4,1.0,1.0,0.9538615942001343,base_1_Pre_E10_Post,-334.6177978515625,3.644070863723755,234.76747131347656,-82.14102172851562,-3.6628825664520264,-4.300687789916992,-0.999999463558197,0.8235570788383484,1.0,0.19601932168006897,-0.999997615814209,-0.9999992251396179,-7.756556034088135,2.259951591491699,12.760000228881836,0.2779613733291626,-6.968184947967529,-7.512999057769775,277.0,1,18,10.821822,8,6.6453238,0.9980643856945297,0.9923617914526932,0.03354913134332688,0.8631578947368421,base
5,1.0,1.0,0.9538437128067017,base_2_Pre_E9_Post,-362.0574645996094,-1.6963573694229126,253.9645233154297,-91.04924774169922,-2.551889181137085,-2.797896146774292,-0.9999997019767761,0.5968644618988037,1.0,-0.02312474697828293,-0.9998498558998108,-0.9998769760131836,-8.565242767333984,2.000614881515503,13.772747039794922,-0.06378786265850067,-4.820901393890381,-4.905593395233154,492.0,1,7,22.37033,9,6.618094,0.993974730989249,0.9746819864831239,0.11120477746765231,1.5578947368421052,base
6,1.0,1.0,0.9538598656654358,base_2_Pre_E16_Post,-344.1654052734375,0.8955236077308655,240.92581176757812,-85.57054901123047,-3.181812286376953,-3.6146438121795654,-0.9999995827674866,0.7185531258583069,1.0,0.08556140959262848,-0.9999819397926331,-0.9999897480010986,-8.03793716430664,2.126479387283325,13.084884643554688,0.14639350771903992,-6.038391590118408,-6.322685241699219,344.0,1,9,16.46662,9,6.639069,0.9971249933336301,0.9876148254270913,0.05439994515802963,1.0526315789473686,base
7,1.0,1.0,0.9538061618804932,base_0_Pre_E19_Post,-359.241455078125,-3.881455421447754,253.52316284179688,-92.29243469238281,-2.257516860961914,-2.497492790222168,-0.9999995827674866,0.5860219597816467,1.0,-0.05919218063354492,-0.9995400905609131,-0.9996194243431091,-8.48225212097168,1.8945040702819824,13.749463081359863,-0.11148060858249664,-4.251949787139893,-4.384380340576172,471.0,1,7,24.798908,10,6.618529,0.9940400451489761,0.9766883140483973,0.10239251542443013,1.4947368421052634,base
8,1.0,1.0,0.9538609385490417,base_1_Pre_E14_Post,-338.5450744628906,0.8994526267051697,236.2154998779297,-83.51529693603516,-3.3263180255889893,-3.864845037460327,-0.9999995827674866,0.7952379584312439,1.0,0.14314764738082886,-0.9999920725822449,-0.9999961853027344,-7.8722991943359375,2.1266701221466064,12.83639144897461,0.22523967921733856,-6.317686557769775,-6.75679349899292,318.0,1,13,13.364195,9,6.6437206,0.9978236113469392,0.9909787162304875,0.03962437280216395,0.9263157894736842,base
9,1.0,1.0,0.9537970423698425,base_0_Pre_E14_Post,-363.6181945800781,-5.796905994415283,256.0986633300781,-94.45137786865234,-2.2239348888397217,-2.412277936935425,-0.9999992847442627,0.5435435175895691,1.0,-0.07337158173322678,-0.9994861483573914,-0.9995338916778564,-8.611241340637207,1.8014878034591675,13.885334014892578,-0.1943046897649765,-4.187044143676758,-4.2365288734436035,601.0,1,5,31.61421,11,6.592362,0.9901100234064496,0.9618768160212061,0.1674487259826908,2.0,base
10,1.0,0.0,0.0488724485039711,BP8_Pre_E0_Post,-548.1582641601562,1.9787695407867432,382.2358093261719,-135.1121826171875,1.9266624450683594,2.537865161895752,-1.0,0.6363118290901184,1.0,-0.760412335395813,0.9989655613899231,0.9996080994606018,-14.049907684326172,2.1790831089019775,20.539737701416016,-1.7541882991790771,3.8350670337677,4.352177143096924,492.0,1,20,15.574178,14,6.6458435,0.998142447574028,0.992743277035961,0.03187370860536843,0.9894736842105264,BP
11,1.0,0.0,0.08312296122312546,BP8_Pre_E1_Post,-588.7188110351562,-9.760258674621582,414.0089416503906,-153.6788787841797,0.5377928614616394,0.7689409852027893,-1.0,0.43541547656059265,1.0,-0.4969434142112732,0.7768785953521729,0.8436450362205505,-15.24528694152832,1.609023094177246,22.215940475463867,-2.46646785736084,1.1507145166397095,1.2830195426940918,920.0,1,6,39.942226,14,6.6020555,0.9915659132672963,0.970664120394126,0.12885216449774572,2.0,BP
12,1.0,0.0,0.05967182666063309,BP8_Pre_E2_Post,-600.2306518554688,-10.999208450317383,421.12591552734375,-156.64556884765625,0.8338718414306641,1.1468243598937988,-1.0,0.4675297737121582,1.0,-0.5620107650756836,0.9054554104804993,0.9527519345283508,-15.58455753326416,1.5488581657409668,22.59139633178711,-2.580280065536499,1.7229642868041992,1.9386628866195679,857.0,1,6,35.67911,15,6.607055,0.9923168112549483,0.9751429391827695,0.1091804126800089,1.936842105263158,BP
13,1.0,0.0,0.048908837139606476,BP8_Pre_E3_Post,-563.8313598632812,-3.0213279724121094,394.4156799316406,-143.01568603515625,1.86048424243927,2.4708666801452637,-1.0,0.6128396987915039,1.0,-0.7530385851860046,0.9985480308532715,0.9995062947273254,-14.511818885803223,1.9362729787826538,21.18229103088379,-2.05739164352417,3.707160234451294,4.235931873321533,588.0,1,10,21.080412,13,6.639817,0.9972373594702659,0.9905668333895888,0.041433254077191936,1.1789473684210527,BP
14,1.0,0.0,0.054780539125204086,BP8_Pre_E4_Post,-559.1546630859375,-0.22609689831733704,392.6436767578125,-141.02679443359375,0.9226316809654236,1.3451846837997437,-1.0,0.5674195289611816,1.0,-0.6045736074447632,0.9435650706291199,0.975001871585846,-14.37398910522461,2.072012424468994,21.08880615234375,-1.9810919761657715,1.8945156335830688,2.2828261852264404,648.0,1,8,28.812243,12,6.6306233,0.9958565235999829,0.9837977983617261,0.07116499669570275,1.305263157894737,BP
15,1.0,0.0,0.054619669914245605,BP8_Pre_E5_Post,-570.5396118164062,-4.342292308807373,399.2649841308594,-144.74842834472656,0.9189789891242981,1.2743407487869263,-1.0,0.493125319480896,1.0,-0.5862824320793152,0.9490486979484558,0.9715240001678467,-14.709522247314453,1.8721253871917725,21.43811798095703,-2.123866558074951,1.887455940246582,2.159909248352051,722.0,1,7,25.776974,11,6.6257863,0.9951300468058253,0.9817848485367545,0.08000620556884827,1.6210526315789475,BP
16,1.0,0.0,0.09172067046165466,BP8_Pre_E6_Post,-581.2957153320312,-7.229337215423584,410.62457275390625,-151.78997802734375,0.511572003364563,0.7353923916816711,-1.0,0.4613379240036011,1.0,-0.5038039684295654,0.7251963019371033,0.8236644268035889,-15.026517868041992,1.7319273948669434,22.037397384643555,-2.3940036296844482,1.1000357866287231,1.224811315536499,842.0,1,5,41.773445,14,6.610403,0.9928196300218824,0.9766211143967062,0.10268697122053863,1.8105263157894735,BP
17,1.0,0.0,0.048897724598646164,BP8_Pre_E7_Post,-558.126953125,-1.155010461807251,391.6236572265625,-141.98544311523438,1.872238278388977,2.4835500717163086,-1.0,0.6273568272590637,1.0,-0.7666612863540649,0.9986853003501892,0.9995275139808655,-14.34369945526123,2.0269033908843994,21.034996032714844,-2.017868995666504,3.7298781871795654,4.257938385009766,552.0,1,13,21.02707,13,6.6415277,0.9974942475085785,0.9904891032593612,0.041775413561083496,1.1157894736842104,BP
18,1.0,0.0,0.04881748557090759,BP8_Pre_E8_Post,-541.45703125,3.6942596435546875,378.3684997558594,-133.0901641845703,2.147618293762207,2.7868471145629883,-1.0,0.7379114627838135,1.0,-0.7722690105438232,0.9995387196540833,0.9998209476470947,-13.852413177490234,2.2623891830444336,20.33571434020996,-1.676616907119751,4.262121200561523,4.784170627593994,436.0,1,100,13.787224,10,6.6490307,0.9986211316130806,0.9944266337389062,0.024479768673209407,0.8,BP
19,1.0,0.0,0.048811156302690506,BP8_Pre_E9_Post,-556.4508056640625,1.1646243333816528,388.697509765625,-137.70901489257812,2.1806209087371826,2.816962242126465,-1.0,0.6969324946403503,1.0,-0.7876601815223694,0.9995924830436707,0.9998579025268555,-14.29430103302002,2.139547109603882,20.88062858581543,-1.853811502456665,4.3259077072143555,4.836422443389893,470.0,1,41,15.501071,12,6.647187,0.9983442625982726,0.9943225231315204,0.024936976488841422,0.8631578947368421,BP
20,1.0,0.0,0.050536978989839554,BP8_Pre_E10_Post,-554.123779296875,2.141772985458374,385.84478759765625,-136.72607421875,1.2196167707443237,1.6912990808486938,-1.0,0.5899369716644287,1.0,-0.6568569540977478,0.9826018810272217,0.9925453066825867,-14.22572135925293,2.1869988441467285,20.730133056640625,-1.8161019086837769,2.4685168266296387,2.883349657058716,566.0,1,8,19.579828,10,6.6379967,0.996963928042812,0.9887447349178855,0.04943656884979169,1.2421052631578948,BP
21,1.0,0.0,0.04932945966720581,BP8_Pre_E11_Post,-557.619140625,-0.3447401225566864,389.90240478515625,-139.3927001953125,1.4803787469863892,2.0420830249786377,-1.0,0.5997416973114014,1.0,-0.7025048136711121,0.9942305684089661,0.9978396892547607,-14.328731536865234,2.066250801086426,20.94419288635254,-1.9184025526046753,2.9725074768066406,3.491974115371704,576.0,1,9,19.962944,10,6.640179,0.997291716320302,0.9904143042932624,0.04210338716350779,1.0526315789473686,BP
22,1.0,0.0,0.05318339169025421,BP8_Pre_E12_Post,-574.5718383789062,-2.8302226066589355,401.92083740234375,-145.13458251953125,0.9979460835456848,1.4328922033309937,-1.0,0.5410252809524536,1.0,-0.6020889282226562,0.957751452922821,0.9816109538078308,-14.82835578918457,1.9455533027648926,21.57822608947754,-2.138680934906006,2.0400803089141846,2.435002565383911,679.0,1,7,28.815317,13,6.6276073,0.9954035498496825,0.9823934450591788,0.07733401975660954,1.5578947368421052,BP
23,1.0,0.0,0.06769610941410065,BP8_Pre_E13_Post,-570.3294067382812,-6.827746868133545,399.8829040527344,-146.46771240234375,0.6534678936004639,0.9725736975669861,-1.0,0.5298744440078735,1.0,-0.5304611921310425,0.8530891537666321,0.9153988361358643,-14.703325271606445,1.7514290809631348,21.47071647644043,-2.189824104309082,1.3742866516113281,1.6363306045532227,764.0,1,8,28.440866,12,6.6137586,0.993323594651268,0.9773262222121085,0.09959155222790005,1.7473684210526317,BP
24,1.0,0.0,0.04931437224149704,BP8_Pre_E14_Post,-539.2933959960938,2.142733097076416,374.7672424316406,-132.503662109375,1.497947335243225,2.018066644668579,-1.0,0.6678597927093506,1.0,-0.6801914572715759,0.994713306427002,0.997565746307373,-13.78864860534668,2.187045097351074,20.14573097229004,-1.6541162729263306,3.006463050842285,3.450305223464966,516.0,1,12,15.950178,9,6.6438093,0.9978369319979362,0.991825279855508,0.03590572092954559,0.9263157894736842,BP
25,1.0,0.0,0.08522357046604156,BP8_Pre_E15_Post,-578.1279296875,-6.846937656402588,406.6295471191406,-149.3491973876953,0.5259435772895813,0.782719612121582,-1.0,0.48098814487457275,1.0,-0.49687623977661133,0.7547156810760498,0.8478404879570007,-14.933159828186035,1.7504971027374268,21.826637268066406,-2.3003671169281006,1.1278126239776611,1.306925892829895,847.0,1,6,37.282265,14,6.607345,0.9923603540280996,0.9725270380403622,0.12066996089595945,1.873684210526316,BP
26,1.0,0.0,0.051440924406051636,BP8_Pre_E16_Post,-557.648193359375,1.0628682374954224,391.26763916015625,-139.28753662109375,1.1740517616271973,1.656049132347107,-1.0,0.5948038697242737,1.0,-0.6342604756355286,0.9736995697021484,0.9890336394309998,-14.32958984375,2.134605884552002,21.016212463378906,-1.9143685102462769,2.380450487136841,2.8221893310546875,591.0,1,10,19.153536,10,6.6358128,0.9966359249161123,0.9870681090362728,0.05680135503540054,1.368421052631579,BP
27,1.0,0.0,0.05096648633480072,BP8_Pre_E17_Post,-584.9293212890625,-3.505373954772949,407.6299743652344,-147.62477111816406,1.1602493524551392,1.6090022325515747,-1.0,0.5439388155937195,1.0,-0.6406671404838562,0.9790075421333313,0.9902051091194153,-15.133604049682617,1.912766933441162,21.879413604736328,-2.2342123985290527,2.353773832321167,2.7405612468719482,730.0,1,7,34.077026,13,6.629129,0.9956320777923242,0.9837817312398355,0.07123625125773836,1.4947368421052634,BP
28,1.0,0.0,0.05843393877148628,BP8_Pre_E18_Post,-558.8692016601562,-3.2983572483062744,390.71514892578125,-141.1993865966797,0.8262112736701965,1.1702070236206055,-1.0,0.5180797576904297,1.0,-0.5761339664459229,0.9167993664741516,0.9562013745307922,-14.36557674407959,1.9228202104568481,20.98706817626953,-1.9877128601074219,1.7081581354141235,1.9792327880859375,652.0,1,9,26.35122,14,6.6291533,0.9956357302288878,0.9850333383227876,0.0657381056455582,1.431578947368421,BP
29,1.0,0.0,0.05657559260725975,BP8_Pre_E19_Post,-583.6956176757812,-5.305057048797607,409.0398864746094,-149.7763214111328,0.8763105273246765,1.2412915229797363,-1.0,0.5221436619758606,1.0,-0.5691713690757751,0.9311324954032898,0.9646863341331482,-15.097248077392578,1.8253724575042725,21.95379638671875,-2.316753625869751,1.8049880266189575,2.102567672729492,799.0,1,5,35.481556,10,6.6167855,0.993778215578842,0.9773846283714136,0.09933340626895497,1.6842105263157896,BP
