,connLabel,predLabel,confi,sample,pre_conn_conv1_fm0_mean,pre_conn_conv1_fm1_mean,pre_conn_conv1_fm2_mean,pre_conn_conv1_fm3_mean,pre_conn_conv2_fm0_mean,pre_conn_conv2_fm1_mean,post_conn_conv1_fm0_mean,post_conn_conv1_fm1_mean,post_conn_conv1_fm2_mean,post_conn_conv1_fm3_mean,post_conn_conv2_fm0_mean,post_conn_conv2_fm1_mean,postBN_conn_conv1_fm0_mean,postBN_conn_conv1_fm1_mean,postBN_conn_conv1_fm2_mean,postBN_conn_conv1_fm3_mean,postBN_conn_conv2_fm0_mean,postBN_conn_conv2_fm1_mean,dip_depth,dip_lag,dip_halfMax_width,dip_to_noise,temporal_span,entropy,norm_entropy,norm_entropy_window,kl_divergence_window,Weight,test
0,1.0,1.0,0.9538595080375671,base_0_Pre_I6_Post,-393.0612487792969,15.606204986572266,272.1613464355469,-88.82704162597656,-3.0291264057159424,-3.4607791900634766,-1.0,0.9668099880218506,1.0,0.0315437838435173,-0.9999783635139465,-0.9999886155128479,-9.478971481323242,2.840846061706543,14.73272705078125,0.021463658660650253,-5.7432861328125,-6.055722713470459,107.0,3,7,9.091191,11,6.648754,0.9985795940992191,0.9922494301610932,0.03404256569202579,-1.223157894736842,base
1,1.0,1.0,0.9537832140922546,base_0_Pre_I4_Post,-401.5140075683594,11.237903594970703,277.2394714355469,-92.13809204101562,-2.1086266040802,-2.4191341400146484,-1.0,0.9737115502357483,1.0,-0.08607956022024155,-0.9992395043373108,-0.9995741844177246,-9.7280855178833,2.628716468811035,15.00062370300293,-0.10555925220251083,-3.9641811847686768,-4.248425006866455,142.0,4,7,4.005003,7,6.654011,0.999369093328201,0.9972434824665806,0.012107696858814196,-0.5599999999999999,base
2,1.0,1.0,0.9538601636886597,base_1_Pre_I6_Post,-393.0121154785156,15.655302047729492,270.9158935546875,-87.77139282226562,-3.1123673915863037,-3.5818703174591064,-1.0,0.9741453528404236,1.0,0.05227281153202057,-0.9999834895133972,-0.9999921321868896,-9.477521896362305,2.8432302474975586,14.667020797729492,0.061961829662323,-5.904172420501709,-6.26582145690918,133.0,2,9,4.3765635,9,6.651028,0.9989211327261254,0.9951632244282834,0.021244006463008933,-1.0463157894736843,base
3,1.0,1.0,0.9538163542747498,base_1_Pre_I7_Post,-396.4143981933594,14.57040786743164,276.0283508300781,-91.1284408569336,-2.2544357776641846,-2.5819079875946045,-1.0,0.9715625047683716,1.0,-0.04987595975399017,-0.9995641112327576,-0.9997491836547852,-9.577794075012207,2.7905468940734863,14.93673038482666,-0.0668255090713501,-4.245995044708252,-4.530844688415527,145.0,2,6,3.831305,6,6.653983,0.9993649395768149,0.9975686245615968,0.010679495150627659,-0.6484210526315789,base
4,1.0,1.0,0.9537632465362549,base_0_Pre_I13_Post,-398.8416442871094,12.987220764160156,277.2557373046875,-92.22409057617188,-2.059067964553833,-2.3435800075531006,-1.0,0.978835940361023,1.0,-0.08532951772212982,-0.9990821480751038,-0.9994298815727234,-9.649327278137207,2.713665246963501,15.001480102539062,-0.10885858535766602,-3.8683955669403076,-4.117335796356201,138.0,2,4,3.9363115,6,6.65352,0.9992954000492984,0.9973750591674686,0.011529855306132058,-0.6042105263157894,base
5,1.0,1.0,0.9538615942001343,base_0_Pre_I0_Post,-387.33160400390625,18.47743034362793,266.91461181640625,-84.99209594726562,-3.744858741760254,-4.316186428070068,-1.0,0.9585838317871094,1.0,0.14544016122817993,-0.9999985694885254,-0.9999993443489075,-9.310108184814453,2.9802756309509277,14.4559326171875,0.16858506202697754,-7.126626491546631,-7.539890766143799,90.0,2,6,7.66332,12,6.6472445,0.9983528565666577,0.9933628382834592,0.02915260179064599,-1.311578947368421,base
6,1.0,1.0,0.9538612961769104,base_1_Pre_I11_Post,-383.8710632324219,17.23740577697754,267.2845153808594,-86.64805603027344,-3.373075485229492,-3.8997802734375,-1.0,0.9725678563117981,1.0,0.08686470240354538,-0.9999943375587463,-0.9999975562095642,-9.208122253417969,2.9200587272644043,14.475446701049805,0.10505654662847519,-6.408058166503906,-6.817408084869385,98.0,2,6,9.629665,12,6.648303,0.9985118449817829,0.9931135807708859,0.030247298235676963,-1.3557894736842104,base
7,1.0,1.0,0.9538590908050537,base_1_Pre_I10_Post,-392.2138977050781,14.541522979736328,271.4493408203125,-87.94876861572266,-2.972076177597046,-3.4394636154174805,-1.0,0.9665761590003967,1.0,0.04941747337579727,-0.999971866607666,-0.9999873638153076,-9.453998565673828,2.7891438007354736,14.69516372680664,0.05515717715024948,-5.633021831512451,-6.018740177154541,117.0,2,6,7.5256987,8,6.6520824,0.9990794765936217,0.9960176044909803,0.017491542532508047,-1.0021052631578946,base
8,1.0,0.0,0.048774562776088715,BP8_Pre_I0_Post,-621.646240234375,25.96053695678711,432.9459228515625,-141.0227508544922,2.959216356277466,3.6480672359466553,-1.0,0.9179871082305908,1.0,-0.8364987969398499,0.9999816417694092,0.9999926090240479,-16.215707778930664,3.3436639308929443,23.2149658203125,-1.980937123298645,5.830746173858643,6.2784247398376465,161.0,1,7,9.434861,12,6.6497374,0.9987272671226372,0.9944900337333934,0.024201347572064956,-1.3557894736842104,BP
9,1.0,0.0,0.04877332225441933,BP8_Pre_I1_Post,-620.8526611328125,24.31932258605957,431.1139831542969,-140.8219451904297,3.248109817504883,3.991227388381958,-1.0,0.9573294520378113,1.0,-0.8812597990036011,0.9999940991401672,0.9999977946281433,-16.192317962646484,3.2639644145965576,23.118324279785156,-1.973233699798584,6.389108180999756,6.8738226890563965,209.0,1,8,7.365465,12,6.6526375,0.9991628380869576,0.9968606941437,0.013788678129793105,-1.0021052631578946,BP
10,1.0,0.0,0.048772890120744705,BP8_Pre_I2_Post,-618.9030151367188,21.823631286621094,430.1885681152344,-141.818603515625,3.623202085494995,4.430449962615967,-1.0,0.9745131731033325,1.0,-0.9336792826652527,0.9999986290931702,0.999999463558197,-16.13486099243164,3.142771005630493,23.069499969482422,-2.0114686489105225,7.114070892333984,7.635891437530518,223.0,2,6,6.8615584,9,6.6547065,0.9994735816604837,0.9977551334494892,0.009860733448183152,-0.6484210526315789,BP
11,1.0,0.0,0.04877353087067604,BP8_Pre_I3_Post,-618.2794799804688,24.246755599975586,430.2435302734375,-140.65003967285156,3.167435884475708,3.9037094116210938,-1.0,0.9083597660064697,1.0,-0.8663802742958069,0.9999918937683105,0.9999969601631165,-16.11648178100586,3.2604403495788574,23.07240104675293,-1.9666388034820557,6.233184814453125,6.721974849700928,204.0,3,10,5.239999,10,6.6513824,0.9989743437137101,0.996301493164926,0.01624474893062028,-1.1347368421052633,BP
12,1.0,0.0,0.0487736314535141,BP8_Pre_I4_Post,-626.2239990234375,22.914779663085938,431.6043701171875,-140.00405883789062,3.136573553085327,3.854490041732788,-1.0,0.9588848948478699,1.0,-0.8626039028167725,0.9999911189079285,0.9999964237213135,-16.35062026977539,3.19575834274292,23.14419174194336,-1.9418563842773438,6.1735358238220215,6.636577129364014,198.0,1,6,8.557561,12,6.651916,0.9990544824689015,0.9960686284591465,0.017268150505181858,-1.2673684210526317,BP
13,1.0,0.0,0.04877305403351784,BP8_Pre_I5_Post,-625.8909301757812,21.759496688842773,432.5078430175781,-142.3177032470703,3.4132988452911377,4.181292533874512,-1.0,0.9635499119758606,1.0,-0.9019885659217834,0.9999969005584717,0.9999988675117493,-16.340805053710938,3.1396565437316895,23.19185447692871,-2.03061580657959,6.708379745483398,7.203593730926514,194.0,1,6,7.8698616,8,6.653445,0.9992840846575913,0.9967246664158018,0.014386229162987015,-0.8694736842105263,BP
14,1.0,0.0,0.04877282306551933,BP8_Pre_I6_Post,-641.0521850585938,20.093181610107422,443.4991149902344,-147.77264404296875,3.7959511280059814,4.641890048980713,-1.0,0.9569395780563354,1.0,-0.9563912153244019,0.9999992847442627,0.9999997615814209,-16.787630081176758,3.0587384700775146,23.77170181274414,-2.2398858070373535,7.4479546546936035,8.002748489379883,245.0,3,4,3.459632,4,6.655248,0.9995549378945298,0.9988215343841615,0.005175995234824929,-0.5599999999999999,BP
15,1.0,0.0,0.048772867769002914,BP8_Pre_I7_Post,-625.724609375,25.166746139526367,435.81488037109375,-142.6991424560547,3.647319793701172,4.4539713859558105,-1.0,0.9583255052566528,1.0,-0.9348299503326416,0.9999988079071045,0.9999995231628418,-16.335901260375977,3.3051161766052246,23.36631965637207,-2.0452492237091064,7.160685062408447,7.676702499389648,214.0,1,4,6.834931,12,6.653287,0.999260379628129,0.9969693643397305,0.013311361780154738,-1.0463157894736843,BP
16,1.0,0.0,0.04877282306551933,BP8_Pre_I8_Post,-637.4752197265625,20.741641998291016,443.8541564941406,-147.72561645507812,3.7909250259399414,4.645330905914307,-1.0,0.9448180794715881,1.0,-0.9556417465209961,0.9999992847442627,0.9999997615814209,-16.68221092224121,3.0902280807495117,23.79043197631836,-2.2380807399749756,7.438240051269531,8.008719444274902,225.0,1,5,5.106823,7,6.654948,0.999509891176911,0.9980134015777173,0.008725895177549231,-0.6926315789473685,BP
17,1.0,0.0,0.0487736314535141,BP8_Pre_I9_Post,-624.689453125,23.723405838012695,431.1484375,-140.68540954589844,3.1344830989837646,3.8550615310668945,-1.0,0.9338881969451904,1.0,-0.8631613850593567,0.9999911189079285,0.9999964237213135,-16.30539321899414,3.2350261211395264,23.12013816833496,-1.9679951667785645,6.169495105743408,6.637568950653076,188.0,2,10,8.973412,10,6.651434,0.9989820782852568,0.9954648086486356,0.01991951835497943,-1.311578947368421,BP
18,1.0,0.0,0.04877283796668053,BP8_Pre_I10_Post,-637.4580078125,19.884428024291992,441.54351806640625,-146.60577392578125,3.721653699874878,4.547760486602783,-1.0,0.9466809034347534,1.0,-0.9441836476325989,0.9999991059303284,0.9999997615814209,-16.681703567504883,3.048600912094116,23.668535232543945,-2.1951205730438232,7.304355144500732,7.83942985534668,221.0,2,4,5.5702167,7,6.654886,0.9995005094280905,0.9980961255431272,0.008362175384227438,-0.736842105263158,BP
19,1.0,0.0,0.04877295345067978,BP8_Pre_I11_Post,-630.3998413085938,22.283292770385742,438.510986328125,-145.33648681640625,3.507120370864868,4.306817531585693,-1.0,0.9371294379234314,1.0,-0.9143106937408447,0.9999978542327881,0.9999992847442627,-16.47368812561035,3.1650924682617188,23.50855255126953,-2.14642596244812,6.889713764190674,7.421383380889893,204.0,1,6,5.935528,9,6.6530685,0.999227579315459,0.9969219229054994,0.013519900149627112,-1.0905263157894736,BP
20,1.0,0.0,0.04877295345067978,BP8_Pre_I12_Post,-632.0647583007812,21.835636138916016,438.2279052734375,-145.29437255859375,3.504802942276001,4.301015853881836,-1.0,0.9473254084587097,1.0,-0.9146020412445068,0.9999978542327881,0.9999992251396179,-16.522756576538086,3.1433537006378174,23.49361801147461,-2.1448113918304443,6.885234355926514,7.411317348480225,218.0,1,5,5.6560893,12,6.653237,0.9992528599057919,0.9971401317906355,0.012561289007934715,-0.9136842105263158,BP
21,1.0,0.0,0.048773035407066345,BP8_Pre_I13_Post,-630.2621459960938,22.889612197875977,438.67724609375,-145.66241455078125,3.4258034229278564,4.214066982269287,-1.0,0.9058441519737244,1.0,-0.9012967348098755,0.999997079372406,0.9999989867210388,-16.46963119506836,3.1945362091064453,23.517324447631836,-2.1589298248291016,6.732547760009766,7.260457992553711,193.0,2,8,7.099694,10,6.651484,0.9989895980075937,0.9947527528886319,0.023047773941402668,-1.1789473684210527,BP
22,1.0,0.0,0.04877519980072975,BP8_Pre_I14_Post,-625.5027465820312,24.943382263183594,432.3277893066406,-140.6179962158203,2.872417449951172,3.551279306411743,-1.0,0.9663003087043762,1.0,-0.8319617509841919,0.9999751448631287,0.9999898076057434,-16.329364776611328,3.294269561767578,23.182357788085938,-1.9654096364974976,5.662985324859619,6.110493183135986,177.0,1,8,8.10252,10,6.6499085,0.9987529774113894,0.9944968731163604,0.024171097436115542,-1.4,BP
23,1.0,0.0,0.04877288267016411,BP8_Pre_I15_Post,-624.6077270507812,21.505990982055664,434.8201599121094,-144.5568084716797,3.629542112350464,4.434432506561279,-1.0,0.9168344140052795,1.0,-0.9272955656051636,0.9999986290931702,0.9999995231628418,-16.30298614501953,3.1273460388183594,23.3138427734375,-2.1165149211883545,7.1263251304626465,7.642801761627197,217.0,1,6,5.8326154,8,6.6534967,0.9992918908455412,0.9966096996449764,0.014891147384474402,-0.9578947368421052,BP
24,1.0,0.0,0.048773299902677536,BP8_Pre_I16_Post,-619.6407470703125,23.329345703125,430.4978332519531,-140.70213317871094,3.25573992729187,3.995485305786133,-1.0,0.9514538645744324,1.0,-0.8802175521850586,0.9999944567680359,0.9999977946281433,-16.15660285949707,3.2158899307250977,23.085817337036133,-1.968637228012085,6.403854846954346,6.881208896636963,188.0,2,6,8.678294,10,6.6523247,0.9991158577264522,0.9961125959210768,0.01707465793043106,-1.223157894736842,BP
25,1.0,0.0,0.04877286031842232,BP8_Pre_I17_Post,-635.2986450195312,19.737701416015625,439.55230712890625,-145.93572998046875,3.6743571758270264,4.498268127441406,-1.0,0.9635287523269653,1.0,-0.9402514696121216,0.9999988675117493,0.9999997019767761,-16.618064880371094,3.041476011276245,23.563488006591797,-2.1694154739379883,7.212942123413086,7.753559112548828,227.0,2,6,5.3351254,6,6.654898,0.999502371454574,0.9982969645667599,0.007479767336626323,-0.6042105263157894,BP
26,1.0,0.0,0.04877288267016411,BP8_Pre_I18_Post,-638.6334838867188,23.092626571655273,444.15240478515625,-146.33908081054688,3.6331675052642822,4.458871841430664,-1.0,0.9310915470123291,1.0,-0.9320768713951111,0.9999986290931702,0.9999995231628418,-16.716346740722656,3.204394578933716,23.806167602539062,-2.184889078140259,7.1333327293396,7.685204982757568,227.0,5,2,5.681505,9,6.653863,0.999346892243206,0.9975705786710158,0.01067087855109654,-0.8252631578947369,BP
27,1.0,0.0,0.048772867769002914,BP8_Pre_I19_Post,-628.8626098632812,20.923004150390625,435.9938659667969,-143.78741455078125,3.647859573364258,4.464498996734619,-1.0,0.9660797119140625,1.0,-0.9364196062088013,0.9999988079071045,0.9999995231628418,-16.428382873535156,3.0990355014801025,23.37575912475586,-2.086998462677002,7.161729335784912,7.6949687004089355,227.0,3,4,5.2207637,9,6.655007,0.9995186999945058,0.9981728786186451,0.00802492546757223,-0.7810526315789472,BP
